Prenom;Nom;Service;Statut
Vincent;Monnet;Direction;Responsables
Louise;Brönt;Direction;Responsables
Claude;Von Groen;Direction;Responsables
Eric;Faure;Direction;Responsables
Georgia;Gabriel;Direction;Responsables
Juliette;Ugo;Direction;Responsables
Simone;Crayencour;Direction;Responsables
Auguste;César;Direction;Responsables
Emily;Renal;Commerce;Responsables
Paul;Lenoir;Commerce;Employés
Georges;Gugeain;RD;Employés
Paul;Serrat;RD;Employés
Claude;Ravel;RD;Employés
Maurice;Deussy;RD;Employés
Gabriel;Satie;RD;Employés
Adèle;Druet;RD;Employés
Colette;Sandt;RD;Employés
Marguerite;Bellevue;RD;Employés
Catherine;Labbé;RD;Employés
Louisa;Baker;RD;Employés